{
  "Domain Generator": {
    "show": [
      "index.html",
      "manifest.json",
      "service-worker.js"
    ],
    "hide": [
      "Backup.sublime-project",
      "Backup.sublime-workspace",
      "Source-Code.sublime-workspace"
    ]
  },
  "Showtape-Archive-ID-Application": {
    "show": [
      "index.html"
    ],
    "hide": []
  },
  "Pi genrator": {
    "show": [
      "index.html"
    ],
    "hide": []
  },
  "Random Quotes": {
    "show": [],
    "hide": [
      "quotes.txt"
    ]
  },
  "Fluid Simulation": {
    "show": [],
    "hide": [
      "iconfont.ttf",
      "LICENSE",
      "README.md"
    ]
  }
}